{
  "seed": 6,
  "hists": {
    "baseline": {
      "cv_fr": [
        4.996802605524768,
        2.8800244824557524,
        2.188583550176805,
        2.213590206184997,
        2.2460966235712956,
        2.2983960590705643,
        2.354196151997708,
        2.394924297084973,
        2.3934597763357606,
        2.4191014339413983,
        2.4124027401665535,
        2.395168328110494,
        2.3829346602158417,
        2.36507026832315,
        2.361140082034963,
        2.334889833685718,
        2.346219757649995,
        2.326621688262055,
        2.3156184054945883,
        2.313029849989902,
        2.3033270823963474
      ],
      "cv_life": [
        2.940203277291178,
        3.0308686964198954,
        2.5699188941165176,
        2.5789710762975693,
        2.5974353254834153,
        2.654995209054102,
        2.705647889413014,
        2.7249897831205847,
        2.7189521315413896,
        2.730286410536312,
        2.703421206255105,
        2.666856441316726,
        2.6313969947194193,
        2.608027361457464,
        2.613528480417009,
        2.5967123937320893,
        2.607072813204334,
        2.5937920489524062,
        2.5906143337786,
        2.589455392422635,
        2.5842704811070774
      ],
      "weight_cv": [
        0.7489273912376828,
        0.7519197430875566,
        0.7894078758027818,
        0.7971399029095968,
        0.7992861436472999,
        0.801403154929479,
        0.8027601076496972,
        0.8045017851723565,
        0.8069193330076005,
        0.8091457453038957,
        0.8111903700563643,
        0.8133803970283933,
        0.8159877724117703,
        0.8181531959109836,
        0.8202329013082716,
        0.8216967980066935,
        0.8231236769093407,
        0.8236793047851987,
        0.8240870932737986,
        0.824178891049491,
        0.8244005805916257
      ],
      "mean_fr": [
        0.06208251416683197,
        0.08156728092270801,
        0.09826109340435502,
        0.09810936158097322,
        0.09815308927179257,
        0.09673839074861679,
        0.09656635570097255,
        0.09639207635578673,
        0.09718710518653673,
        0.09583936441071744,
        0.09867277814895611,
        0.10191692896361038,
        0.1060565514496213,
        0.10839438924862495,
        0.10800021798470909,
        0.10815433656510157,
        0.10775829236123025,
        0.10836403774746571,
        0.10845192606690562,
        0.10812030193569022,
        0.1085722495384172
      ],
      "ce_loss": [
        2.024896706390381,
        1.4358770641326903,
        1.154295907688141,
        0.9355810885429382,
        0.8912768895149231,
        0.8405364972114563,
        0.8232117586135864,
        0.7760165529251098,
        0.7806670196533203,
        0.7526122820854187,
        0.7347044305801391,
        0.7175390277862549,
        0.6626688241004944,
        0.6415037948608399,
        0.6574440061569213,
        0.6326878465652466,
        0.6254363380432129,
        0.6426455852508545,
        0.6035086618423462,
        0.6036455930709839,
        0.6186704805374146
      ],
      "acc": [
        33.07,
        60.370000000000005,
        72.23,
        81.0,
        82.17,
        84.25,
        84.19,
        85.58,
        86.47,
        86.85000000000001,
        87.47,
        87.06,
        87.64,
        87.67,
        88.51,
        88.59,
        88.74,
        88.9,
        88.94,
        89.24,
        89.37
      ],
      "ice": [
        532.6780836283697,
        740.1251079578669,
        735.0823214631102,
        825.6092022070263,
        837.1615426270516,
        870.9054454903696,
        871.8356478352182,
        887.8322197957318,
        889.7269955387939,
        906.2037449014048,
        886.4652721473278,
        854.2250276088545,
        826.3515128352575,
        808.8056265611174,
        819.5353070229764,
        819.1071631751281,
        823.5096327197455,
        820.3827915986933,
        820.0867889083288,
        825.3768270024951,
        823.1384368341099
      ],
      "epoch": [
        1,
        10,
        20,
        30,
        40,
        50,
        60,
        70,
        80,
        90,
        100,
        110,
        120,
        130,
        140,
        150,
        160,
        170,
        180,
        190,
        200
      ]
    },
    "weight_pop": {
      "cv_fr": [
        4.990703028571519,
        2.9775669342831406,
        2.2401203423798046,
        2.60317114478028,
        2.4473517720179907,
        2.05334413246184,
        3.608775163316314,
        3.2473476237253216,
        5.5059379270122815,
        6.56799491956026,
        6.910154141242467,
        4.176299370899747,
        12.090748911774373,
        11.863376365193997,
        14.661859259456097,
        10.89227590935775,
        14.370992708809766,
        14.309301073276384,
        14.309301073276384,
        14.309301073276384,
        14.309301073276384
      ],
      "cv_life": [
        2.9176428750862207,
        3.0465431042626094,
        2.6000350850332112,
        3.7859308281634187,
        4.082086658890766,
        4.638689734870636,
        0.9708838211862665,
        0.9667129516601562,
        0.9909153988486842,
        0.9884611430921053,
        0.9966189735814145,
        0.9902058651572779,
        0.9851090280633223,
        0.9974003842002467,
        0.9974441528320312,
        0.9974666394685444,
        0.9987013967413652,
        0.9987013967413652,
        0.9987013967413652,
        0.9987013967413652,
        0.9987013967413652
      ],
      "weight_cv": [
        0.8577075534396701,
        0.9227733810742696,
        0.8837668200333914,
        1.0568883584605322,
        1.8075467844804127,
        3.096940381659402,
        5.527901748816173,
        14.235119551420212,
        18.038764423794216,
        18.88786835140652,
        19.3711556063758,
        19.61940908432007,
        19.81009425057305,
        19.965032418568928,
        19.996510558658176,
        20.049326207902695,
        19.93873185581631,
        20.08935022354126,
        20.133832931518555,
        20.153365002738106,
        20.161946031782364
      ],
      "mean_fr": [
        0.0625229695492947,
        0.0820276743566728,
        0.09763417457001435,
        0.061342103730671255,
        0.04682380195302537,
        0.04326590021040978,
        0.010996166028474507,
        0.011881878501490542,
        0.0037138085616262337,
        0.006239740472090871,
        0.0017692164370888158,
        0.006389919080232319,
        0.010540209318462172,
        0.0012138768246299342,
        0.0011997222900390625,
        0.001194100630910773,
        0.0008946468955592105,
        0.0009550797311883224,
        0.0009550797311883224,
        0.0009550797311883224,
        0.0009550797311883224
      ],
      "ce_loss": [
        2.026585852813721,
        1.4384623079299927,
        1.1277640627861023,
        2.2759485736846923,
        2.302587424468994,
        2.3026006595611572,
        2.3025965408325195,
        2.302586867904663,
        2.30258557510376,
        2.302585845184326,
        2.3025856063842776,
        2.302585221862793,
        2.3025852142333982,
        2.3025853187561034,
        2.3025851333618164,
        2.3025852306365966,
        2.30258521194458,
        2.3025853218078614,
        2.3025852672576903,
        2.30258522605896,
        2.302585167312622
      ],
      "acc": [
        31.900000000000002,
        58.18,
        71.88,
        11.99,
        10.0,
        10.0,
        10.0,
        10.0,
        10.0,
        10.0,
        10.0,
        10.0,
        10.0,
        10.0,
        10.0,
        10.0,
        10.0,
        10.0,
        10.0,
        10.0,
        10.0
      ],