{
  "seed": 0,
  "hists": {
    "baseline": {
      "cv_fr": [
        5.834437001871316,
        2.7741660333172153,
        2.232874072606686,
        2.176188555262551,
        2.2137978803229914,
        2.245117728429028,
        2.2750355992850904,
        2.2974528648867594,
        2.297522281504408,
        2.327462163231994,
        2.354634820342778,
        2.331242165471775,
        2.359319628039493,
        2.3370813190897337,
        2.342380348798992,
        2.3366300164660476,
        2.3281469884751083,
        2.3321139001195066,
        2.325586309598177,
        2.323696497755794,
        2.326551076692394
      ],
      "cv_life": [
        3.0163796530176525,
        2.9881211491444364,
        2.5960727815704296,
        2.5229502370721253,
        2.5533380944041073,
        2.581664328969057,
        2.588879677988862,
        2.6205085037868074,
        2.603982553491586,
        2.631189084227763,
        2.6377833533255277,
        2.6193502884479773,
        2.6443843760544423,
        2.624218654902596,
        2.635279888712828,
        2.6269857431554064,
        2.6227099707252104,
        2.6301253081797604,
        2.6242078594332297,
        2.624367900485599,
        2.622816526198848
      ],
      "weight_cv": [
        0.7512924373149872,
        0.7528842455810971,
        0.7865478032165103,
        0.7995680603716109,
        0.7997213535838656,
        0.8033056457837423,
        0.8062352438767751,
        0.8109940356678433,
        0.814596434434255,
        0.8186469111177657,
        0.8220322198337979,
        0.8250414133071899,
        0.8282815416653951,
        0.8300375507937537,
        0.8320797714922163,
        0.833488984240426,
        0.8342532383071052,
        0.8347450660334693,
        0.8350606229570177,
        0.8354468378755782,
        0.8355304300785065
      ],
      "mean_fr": [
        0.0638291634852532,
        0.08303360036418567,
        0.0964200336841009,
        0.10148685793333416,
        0.10605093119026898,
        0.10903721017332414,
        0.11005744690461447,
        0.11268448820716141,
        0.11164957338535808,
        0.10805990127505342,
        0.10762518323674988,
        0.10728905127097733,
        0.10565405481462078,
        0.10808763788550158,
        0.10624113247086413,
        0.10681254921517001,
        0.10671457518227176,
        0.10498168836189539,
        0.10558896897476089,
        0.10513552181487239,
        0.10426524100821469
      ],
      "ce_loss": [
        2.0243146572113035,
        1.4118081853866578,
        1.1199009392738342,
        0.9758387643814087,
        0.8736021645545959,
        0.8065821292877198,
        0.7634457162857056,
        0.7210108116149903,
        0.7161569362640381,
        0.7627596939086914,
        0.7121763808250428,
        0.706138079071045,
        0.6954880658149719,
        0.6276373057842255,
        0.6719730345726013,
        0.6692309343338013,
        0.6595828167915344,
        0.6867281372070313,
        0.6543677096366882,
        0.661188864994049,
        0.6609997947692872
      ],
      "acc": [
        31.879999999999995,
        60.370000000000005,
        73.72,
        78.60000000000001,
        81.71000000000001,
        83.85000000000001,
        84.48,
        85.33,
        85.82,
        87.07000000000001,
        87.22,
        87.22999999999999,
        87.83,
        88.71,
        88.71,
        88.89,
        89.44,
        89.34,
        89.29,
        89.33,
        89.45
      ],
      "ice": [
        499.4581358219436,
        727.0549809314205,
        764.5713192324139,
        774.484439224508,
        770.4787820166706,
        769.0034638329292,
        767.5990557660973,
        757.247015850642,
        768.6549058028512,
        805.7567230309293,
        810.405049012425,
        813.0372189545525,
        831.2978791124161,
        820.7228275886943,
        834.9872557547852,
        832.2055070409308,
        838.1234846879998,
        851.0054742306135,
        845.6374980322819,
        849.6651746366441,
        857.9080675013439
      ],
      "epoch": [
        1,
        10,
        20,
        30,
        40,
        50,
        60,
        70,
        80,
        90,
        100,
        110,
        120,
        130,
        140,
        150,
        160,
        170,
        180,
        190,
        200
      ]
    },
    "weight_pop": {
      "cv_fr": [
        5.594229978692286,
        2.8346045802705375,
        2.214752355708351,
        2.0022179265565514,
        1.9895658782924677,
        2.1099377519126574,
        4.005193033431229,
        3.706936058165788,
        2.659358316703608,
        2.349941289003971,
        2.3245839721992922,
        2.3102744450813764,
        2.309863396083252,
        2.3049442751418745,
        2.2962239958857156,
        1.5065789694868668,
        1.4992271423498682,
        1.499194931022967,
        1.5010195736246537,
        1.5001622322080614,
        1.489706099668715
      ],
      "cv_life": [
        3.0346803766024415,
        2.9709234004176355,
        2.591816817737277,
        3.1301286549348974,
        4.423840675331767,
        2.2049370487080977,
        1.6718645701004933,
        1.7683878573951999,
        1.98153959267303,
        1.8718242953412938,
        1.6459244940774906,
        1.6480639888237985,
        1.646563433631907,
        1.6407324729721837,
        1.6358058266366504,
        1.6284891427317751,
        1.623446424630068,
        1.6270621920489692,
        1.6221269598251815,
        1.6244827965193793,
        1.618375629405035
      ],
      "weight_cv": [
        0.8384481767813364,
        0.902941193845537,
        0.883901341093911,
        0.9886936512258317,
        1.0977317127916548,
        2.096066120598051,
        7.2581864231162605,
        9.172490739160114,
        8.476588384972679,
        9.33579201499621,
        9.803259985314476,
        10.099520732959112,
        10.129466305176416,
        10.136275440454483,
        10.155118657482994,
        10.167608237928814,
        10.165639069345263,
        10.17310392525461,
        10.174800346295038,
        10.177505665355259,
        10.176832689179314
      ],
      "mean_fr": [
        0.060592995682293226,
        0.08427861805441855,
        0.09720391638671295,
        0.08636064320147474,
        0.0643544193806448,
        0.043723049857154195,
        0.03660313140782096,
        0.04312107106949948,
        0.042711300682338534,
        0.04235205325303596,
        0.043363343787781,
        0.04446805220377755,
        0.04522447602737752,
        0.04499452713527019,
        0.04552272964842235,
        0.046356689614268004,
        0.04659834594467654,
        0.046538765443554723,
        0.0467761620670696,
        0.04681962604406752,
        0.04722036045047142
      ],
      "ce_loss": [
        2.0299998596191404,
        1.4270059099197387,
        1.1835840097427368,
        1.6105317722320556,
        1.4521299947738648,
        1.3091166183471679,
        1.2302859493255616,
        1.1354461961746216,
        1.0530810983657837,
        1.0149631635665894,
        1.042901486301422,
        0.9855398731231689,
        0.9598483880043029,
        0.959311088180542,
        0.9281907872200013,
        0.9086603562355041,
        0.8990197601318359,
        0.8841653498649598,
        0.870658069229126,
        0.8595262948036194,
        0.8797981051445007
      ],
      "acc": [
        31.619999999999997,
        59.24,
        70.09,
        49.71,
        56.44,
        64.39,
        66.88,
        70.48,
        74.66000000000001,
        75.81,
        75.59,
        77.31,
        78.43,
        78.32000000000001,
        80.03,
        80.42,
        80.49,
        80.96,
        81.23,
        81.41000000000001,
        81.39
      ],