{
  "hists": {
    "baseline": {
      "epoch": [
        1,
        10,
        20,
        30,
        40,
        50,
        60,
        70,
        80,
        90,
        100,
        110,
        120,
        130,
        140,
        150,
        160,
        170,
        180,
        190,
        200
      ],
      "cv_fr": [
        5.791512900158057,
        2.834987416813804,
        2.2454725335551293,
        2.1946145199998703,
        2.188888478167926,
        2.215686582708899,
        2.2312720639160837,
        2.239124003130146,
        2.276646060239943,
        2.2748390350398977,
        2.2843758088600468,
        2.2886656784042367,
        2.30813370618242,
        2.3100527901398507,
        2.316984040112912,
        2.3203405950325156,
        2.296344727535871,
        2.3040706343368083,
        2.293549401294701,
        2.2936877414911767,
        2.29492610625471
      ],
      "cv_fr_std": [
        0.0,
        0.0,
        0.0,
        0.0,
        0.0,
        0.0,
        0.0,
        0.0,
        0.0,
        0.0,
        0.0,
        0.0,
        0.0,
        0.0,
        0.0,
        0.0,
        0.0,
        0.0,
        0.0,
        0.0,
        0.0
      ],
      "cv_life": [
        3.028110581584806,
        3.0074623524547017,
        2.5991664889016044,
        2.5325080540718674,
        2.524474053363813,
        2.5238334245478447,
        2.5368966792600305,
        2.542724494136706,
        2.567035239787994,
        2.5791328161418794,
        2.577510471426591,
        2.573589695762746,
        2.5890932130781827,
        2.593280038382513,
        2.589171616575227,
        2.6032304603365723,
        2.5843816909847224,
        2.5924430759964903,
        2.590876930082424,
        2.5896735062684955,
        2.5855401863184553
      ],
      "cv_life_std": [
        0.0,
        0.0,
        0.0,
        0.0,
        0.0,
        0.0,
        0.0,
        0.0,
        0.0,
        0.0,
        0.0,
        0.0,
        0.0,
        0.0,
        0.0,
        0.0,
        0.0,
        0.0,
        0.0,
        0.0,
        0.0
      ],
      "weight_cv": [
        0.7513115505377451,
        0.7536729541089799,
        0.7880063752333323,
        0.7991133034229279,
        0.7989658415317535,
        0.7989641295539008,
        0.8016499578952789,
        0.8051599396599664,
        0.8105996814039018,
        0.8144574893845452,
        0.8175758156511519,
        0.8206752240657806,
        0.8226793507734934,
        0.8249787191549937,
        0.8264073696401384,
        0.8277032110426161,
        0.8284160693486532,
        0.8291374511188931,
        0.8296053210894266,
        0.829832543929418,
        0.8299392428663042
      ],
      "weight_cv_std": [
        0.0,
        0.0,
        0.0,
        0.0,
        0.0,
        0.0,
        0.0,
        0.0,
        0.0,
        0.0,
        0.0,
        0.0,
        0.0,
        0.0,
        0.0,
        0.0,
        0.0,
        0.0,
        0.0,
        0.0,
        0.0
      ],
      "mean_fr": [
        0.06392568561293777,
        0.08178091408569442,
        0.09643154028929686,
        0.10177717981816609,
        0.1088860141166761,
        0.11173114019739555,
        0.11484629711971373,
        0.1160038425416489,
        0.11345669846587148,
        0.11227369758186939,
        0.11167091980010649,
        0.10996278178326531,
        0.10796811726989147,
        0.10900437754444245,
        0.10651387354677953,
        0.10710351667469299,
        0.10760097880708147,
        0.10671803713599337,
        0.10654925208025023,
        0.10666305858202572,
        0.10545211661108171
      ],
      "mean_fr_std": [
        0.0,
        0.0,
        0.0,
        0.0,
        0.0,
        0.0,
        0.0,
        0.0,
        0.0,
        0.0,
        0.0,
        0.0,
        0.0,
        0.0,
        0.0,
        0.0,
        0.0,
        0.0,
        0.0,
        0.0,
        0.0
      ],
      "ce_loss": [
        2.0234631328582764,
        1.4076034002304076,
        1.1539744976997375,
        0.9465632110595703,
        0.8491142470359803,
        0.7910921158790588,
        0.7727927437782287,
        0.7098702969551086,
        0.7077332398414612,
        0.7204745768547058,
        0.6922477066993713,
        0.687007114124298,
        0.6621575453758239,
        0.6137473029613495,
        0.6520675144195557,
        0.6172756871223449,
        0.6090040613174439,
        0.6335498282432556,
        0.6161825161933899,
        0.6225941938400269,
        0.6580142555236816
      ],
      "ce_loss_std": [
        0.0,
        0.0,
        0.0,
        0.0,
        0.0,
        0.0,
        0.0,
        0.0,
        0.0,
        0.0,
        0.0,
        0.0,
        0.0,
        0.0,
        0.0,
        0.0,
        0.0,
        0.0,
        0.0,
        0.0,
        0.0
      ],
      "acc": [
        32.05,
        61.3,
        71.81,
        79.17,
        81.39999999999999,
        84.04,
        83.98,
        85.49,
        86.15,
        87.46000000000001,
        86.74,
        87.22999999999999,
        88.12,
        88.63,
        88.39,
        89.03999999999999,
        89.64,
        89.41,
        89.84,
        89.71000000000001,
        89.74
      ],
      "acc_std": [
        0.0,
        0.0,
        0.0,
        0.0,
        0.0,
        0.0,
        0.0,
        0.0,
        0.0,
        0.0,
        0.0,
        0.0,
        0.0,
        0.0,
        0.0,
        0.0,
        0.0,
        0.0,
        0.0,
        0.0,
        0.0
      ],
      "ice": [
        501.36333586510835,
        749.5635526906811,
        744.6732919316174,
        777.8756727459678,
        747.5706883445056,
        752.1626677209216,
        731.2381399644028,
        736.958283082077,
        759.3204594500862,
        778.9891496744654,
        776.7464653089804,
        793.268328180761,
        816.166791332071,
        813.0865371255303,
        829.8448714545297,
        831.3451738189948,
        833.0778461591664,
        837.8151812135644,
        843.1780591059821,
        841.0596206597178,
        851.0022783226586
      ],
      "ice_std": [
        0.0,
        0.0,
        0.0,
        0.0,
        0.0,
        0.0,
        0.0,
        0.0,
        0.0,
        0.0,
        0.0,
        0.0,
        0.0,
        0.0,
        0.0,
        0.0,
        0.0,
        0.0,
        0.0,
        0.0,
        0.0
      ]
    },
    "weight_pop": {
      "epoch": [
        1,
        10,
        20,
        30,
        40,
        50,
        60,
        70,
        80,
        90,
        100,
        110,
        120,
        130,
        140,
        150,
        160,
        170,
        180,
        190,
        200
      ],
      "cv_fr": [
        5.850760131180882,
        2.775152373679236,
        2.340735403559035,
        1.804000220681571,
        1.7617101973489795,
        1.8894303967601693,
        2.0098166208438757,
        2.092415711786015,
        1.6528343580946139,
        1.630877896676772,
        1.6212229276005226,
        1.6118486265116416,
        1.616099841589931,
        1.6103718524214272,
        1.6058327817742146,
        1.6006792340176967,
        1.5999275032557463,
        1.5988997315502738,
        1.5964630437167304,
        1.5993039231948418,
        1.589512119723669
      ],
      "cv_fr_std": [
        0.0,
        0.0,
        0.0,
        0.0,
        0.0,
        0.0,
        0.0,
        0.0,
        0.0,
        0.0,
        0.0,
        0.0,
        0.0,
        0.0,
        0.0,
        0.0,
        0.0,
        0.0,
        0.0,
        0.0,
        0.0
      ],