{
  "seed": 3,
  "hists": {
    "baseline": {
      "cv_fr": [
        6.286769984643671,
        2.656505864195471,
        2.2287578034766273,
        2.1990468582258793,
        2.2474892935222344,
        2.2463682972535066,
        2.291583288994573,
        2.284823109871701,
        2.3132583711403036,
        2.3267416926640663,
        2.3043297137680407,
        2.3143209076023035,
        2.3045814285907325,
        2.331147136726354,
        2.317016269706393,
        2.3321725946517886,
        2.3185604773387367,
        2.3061573851672432,
        2.3119387650473926,
        2.2969319645680244,
        2.303216077501499
      ],
      "cv_life": [
        2.9687420754016522,
        2.97738505346945,
        2.5826433240215754,
        2.5337020817158784,
        2.57190809553262,
        2.602959466091718,
        2.603911553360001,
        2.5897195992828763,
        2.589493060969735,
        2.583935711599841,
        2.5903376721287477,
        2.5890020111415635,
        2.584093297028208,
        2.6202401205510157,
        2.6188936923679553,
        2.621073626423581,
        2.618830558143402,
        2.608464016348898,
        2.613022748189795,
        2.6068569206540224,
        2.6074184918705416
      ],
      "weight_cv": [
        0.7513247397210863,
        0.7551233172416687,
        0.7881945702764723,
        0.7970073752933078,
        0.8013443748156229,
        0.8020283348030515,
        0.8040197326077355,
        0.8071394893858168,
        0.8107147978411781,
        0.8134608169396719,
        0.8160660929150052,
        0.8195658028125763,
        0.82159513897366,
        0.8231123785177866,
        0.824168860912323,
        0.8252429929044511,
        0.8255327343940735,
        0.8259393440352546,
        0.8260794546869066,
        0.8261174460252126,
        0.8261998626920912
      ],
      "mean_fr": [
        0.06367232329364143,
        0.09214724803828621,
        0.09747435733288785,
        0.09668446754630926,
        0.10134544045348552,
        0.10583173359020166,
        0.10852326091371484,
        0.110994911805381,
        0.11146821169992989,
        0.11162738028484372,
        0.10935711002921676,
        0.11137467835205225,
        0.10823847827992386,
        0.10541913324320498,
        0.10619287507522907,
        0.10543149978736494,
        0.1056893792532032,
        0.10581786504671782,
        0.1065248596040826,
        0.10494305819848788,
        0.10496630369227065
      ],
      "ce_loss": [
        2.0321505626678467,
        1.4825311613082885,
        1.1590961526870727,
        1.0139007230758668,
        0.8673541458129883,
        0.8489768689155579,
        0.7800772409439087,
        0.7670963007926941,
        0.724055382347107,
        0.6861222903251648,
        0.7415893522262573,
        0.6372217882156372,
        0.6687195256233215,
        0.7066082767486572,
        0.6730499826431274,
        0.6339480661392212,
        0.6369374453544616,
        0.6108452960014343,
        0.5888891031265259,
        0.635344608592987,
        0.6363496572494507
      ],
      "acc": [
        32.54,
        54.98,
        71.39,
        80.2,
        81.84,
        83.16,
        85.03,
        84.71,
        85.7,
        86.29,
        86.99,
        86.98,
        87.83999999999999,
        87.91,
        88.44999999999999,
        88.69,
        89.03999999999999,
        89.52,
        89.41,
        89.57000000000001,
        89.47
      ],
      "ice": [
        511.05399027758847,
        596.6536733752446,
        732.397674931233,
        829.5023362109639,
        807.5350164589981,
        785.7755828157715,
        783.518588078736,
        763.188068626517,
        768.8289872489632,
        773.0181614011636,
        795.4671810738892,
        780.9673929237734,
        811.5412677681735,
        833.9092625443665,
        832.9183253411029,
        841.2096173038844,
        842.4686775952904,
        845.9818339810507,
        839.3345172099918,
        853.5103989011312,
        852.3686967068203
      ],
      "epoch": [
        1,
        10,
        20,
        30,
        40,
        50,
        60,
        70,
        80,
        90,
        100,
        110,
        120,
        130,
        140,
        150,
        160,
        170,
        180,
        190,
        200
      ]
    },
    "weight_pop": {
      "cv_fr": [
        6.441097916244746,
        2.7923671226355333,
        2.2786026176494576,
        2.2118288357602522,
        7.991073903284575,
        1.8478243981576774,
        7.970741006710148,
        3.580359078303407,
        3.287667075607635,
        2.7500422876489554,
        5.045161185742695,
        3.628554430744951,
        2.617166017231188,
        1.6081814922784503,
        3.2193152841768766,
        3.4185649972212944,
        2.924941062927246,
        1.7878253836380809,
        1.7878253836380809,
        1.7878253836380809,
        1.7878253836380809
      ],
      "cv_life": [
        2.8724003757817362,
        3.00861251822795,
        2.6388134394861074,
        3.641944458054194,
        0.9341081318102384,
        0.9618405793842516,
        2.1946738455630714,
        1.3927779741719277,
        2.0228043781924767,
        2.7541221956822333,
        1.0714325105087668,
        1.7653700075572047,
        0.9945518092105263,
        0.9124691611842105,
        0.981702302631579,
        0.999743009868421,
        0.9996916118421053,
        0.9997944078947368,
        0.9997944078947368,
        0.9997944078947368,
        0.9997944078947368
      ],
      "weight_cv": [
        0.844805982377794,
        0.9777482681804233,
        0.9332862893740336,
        1.0391154322359297,
        1.4116366571850247,
        8.775898383723366,
        6.778285728560554,
        9.631363332271576,
        11.309346735477448,
        13.410193873776329,
        15.431976371341282,
        16.760241561465794,
        18.32670325703091,
        19.88582232263353,
        20.224357048670452,
        20.30608738793267,
        20.336225085788303,
        20.35428219371372,
        20.36478614807129,
        20.371243900722927,
        20.374434365166557
      ],
      "mean_fr": [
        0.0654400747113034,
        0.08540562154609786,
        0.09618989263551384,
        0.0644215997320902,
        0.01880796332108347,
        0.012480284038342927,
        0.007113627329975028,
        0.03582574842096884,
        0.01646396645818211,
        0.0028330753002065085,
        0.0006371974786228532,
        0.0011184899748205583,
        0.005422491776315789,
        0.08731239720394737,
        0.008339329769736841,
        0.00025699013157894735,
        0.0003083881578947368,
        0.00020559210526315788,
        0.00020559210526315788,
        0.00020559210526315788,
        0.00020559210526315788
      ],
      "ce_loss": [
        2.027996171569824,
        1.43616047039032,
        1.1323908586502076,
        2.2895434928894045,
        2.30258791847229,
        2.3025860900878907,
        2.3025897994995117,
        2.3026159141540528,
        2.3025872455596925,
        2.3045208099365233,
        2.3027876930236815,
        2.3026615062713622,
        2.3025852806091307,
        2.302585175704956,
        2.3025853229522704,
        2.302585096359253,
        2.3025850852966308,
        2.3025852054595948,
        2.3025851463317872,
        2.302585010147095,
        2.3025852085113527
      ],
      "acc": [
        32.800000000000004,
        58.98,
        72.0,
        11.469999999999999,
        10.0,
        10.0,
        10.0,
        10.0,
        10.0,
        10.01,
        10.0,
        10.0,
        10.0,
        10.0,
        10.0,
        10.0,
        10.0,
        10.0,
        10.0,
        10.0,
        10.0
      ],