{
  "seed": 4,
  "hists": {
    "baseline": {
      "cv_fr": [
        5.463438561167581,
        2.8584875605409743,
        2.2016446603130775,
        2.1737104247682177,
        2.1911149767539566,
        2.227635016249149,
        2.2606952238051115,
        2.294472138656131,
        2.2971901783222046,
        2.2997322538786933,
        2.333403716676637,
        2.3281429018837705,
        2.32039820854065,
        2.318153407715067,
        2.3452698668982492,
        2.3315837922531473,
        2.315980454193283,
        2.327678320568296,
        2.313266146826315,
        2.3282719489179553,
        2.316006560352625
      ],
      "cv_life": [
        2.953087322001931,
        3.041736781319168,
        2.565449921946618,
        2.525845078052798,
        2.5450951863256477,
        2.560517614797939,
        2.578838107547785,
        2.5858265599515105,
        2.5975138601424455,
        2.5865114027067153,
        2.6056375706855017,
        2.61524377792061,
        2.605878328419303,
        2.6130276480807533,
        2.6383107212445958,
        2.6277154894529544,
        2.612736442500476,
        2.619340915587804,
        2.609161076587014,
        2.6256488675994927,
        2.6124063859297224
      ],
      "weight_cv": [
        0.7528451681137085,
        0.7528373764620887,
        0.7904510994752248,
        0.8021744655238258,
        0.8024676177236769,
        0.8031143579218123,
        0.8044827845361497,
        0.8093649976783328,
        0.8140954275925955,
        0.8162261678112878,
        0.8185145358244578,
        0.8216970761617025,
        0.8230064676867591,
        0.8243159651756287,
        0.825704402393765,
        0.8264419005976783,
        0.8269471195009019,
        0.8275083833270602,
        0.8277264138062795,
        0.8279797236124674,
        0.8281876842180887
      ],
      "mean_fr": [
        0.06325199109049816,
        0.07873475898074594,
        0.09897675036113315,
        0.10210616503414673,
        0.10388041673343552,
        0.10945775795189402,
        0.11104248223862277,
        0.11117162779321041,
        0.11081134167057446,
        0.11088132673625069,
        0.10912634907842558,
        0.10915011349199295,
        0.10831358914650098,
        0.1083877079690162,
        0.10586237205536185,
        0.10700856426173573,
        0.10761287511586348,
        0.106292807781879,
        0.10765094448533714,
        0.10428424218271193,
        0.1061233264219753
      ],
      "ce_loss": [
        2.03993649520874,
        1.4817572946548463,
        1.140157982635498,
        0.9394738425254822,
        0.9426055037498474,
        0.8008176778793334,
        0.7751005493164063,
        0.7611492972373962,
        0.7349686047554016,
        0.6982499502182007,
        0.711509315776825,
        0.6600081118583679,
        0.6438629475593567,
        0.6348209290504455,
        0.6785964350700379,
        0.6272702282905579,
        0.6100216781139374,
        0.6067043189525604,
        0.581789276599884,
        0.6629945829391479,
        0.6214019002914428
      ],
      "acc": [
        32.15,
        57.42,
        71.27,
        80.13,
        82.62,
        84.08,
        85.14,
        85.45,
        86.07000000000001,
        86.59,
        86.4,
        87.59,
        88.16000000000001,
        88.05,
        88.2,
        88.92999999999999,
        88.86,
        89.27000000000001,
        89.52,
        89.22,
        89.52
      ],
      "ice": [
        508.2843142622667,
        729.2839077744887,
        720.0680214219941,
        784.7713419213151,
        795.3375106169783,
        768.1501420433917,
        766.7335115015244,
        768.6312956812326,
        776.7254771503303,
        780.9249288360261,
        791.7427166969543,
        802.4727521854379,
        813.9328828022606,
        812.3614155726578,
        833.1571450364199,
        831.0549001660673,
        825.7375490335305,
        839.8497834838558,
        831.5764632834099,
        855.546241475477,
        843.546792046229
      ],
      "epoch": [
        1,
        10,
        20,
        30,
        40,
        50,
        60,
        70,
        80,
        90,
        100,
        110,
        120,
        130,
        140,
        150,
        160,
        170,
        180,
        190,
        200
      ]
    },
    "weight_pop": {
      "cv_fr": [
        5.150384943458257,
        2.7714809566875207,
        2.3106387080072484,
        1.8248568614032725,
        1.7453942256796604,
        1.9092673083927378,
        2.0707591862618173,
        2.4136073927653783,
        2.4158004844768457,
        1.62634189616514,
        1.6057734061764686,
        1.6106753782539824,
        1.6039079293102363,
        1.5968433646342504,
        1.5962661670336002,
        1.5923462848437777,
        1.5898157009119038,
        1.58205887506518,
        1.581019658513422,
        1.5816934085305256,
        1.5792924224893543
      ],
      "cv_life": [
        2.8836344849022923,
        2.979102324518182,
        2.685188138508781,
        3.3495059892942236,
        4.153613710943498,
        2.1835272612371575,
        1.911211249909347,
        1.965707607780751,
        2.0207204472454765,
        2.09804843188444,
        1.7714505061398018,
        1.7693112770928137,
        1.7704209072998094,
        1.760836728686575,
        1.7624975219319297,
        1.751376821151342,
        1.7576673753971581,
        1.749127216294636,
        1.7466614534662694,
        1.7486998916148824,
        1.7431660029667366
      ],
      "weight_cv": [
        0.8667935662799411,
        0.9586527844270071,
        0.8813623256153531,
        0.867517309056388,
        0.9036773078971438,
        1.9247430132495031,
        5.831441614362928,
        6.807040893369251,
        7.085130039188597,
        7.179879317680995,
        7.526767806874381,
        7.548787193165885,
        7.553496728340785,
        7.56858746541871,
        7.581629994842741,
        7.5858350661065845,
        7.5851366188791065,
        7.591366989745034,
        7.595541344748603,
        7.596887254052692,
        7.598206626044379
      ],
      "mean_fr": [
        0.06495678222314426,
        0.08461100324680614,
        0.09052229665224748,
        0.08041999521333323,
        0.07672986597676502,
        0.059738654859220086,
        0.05983049466679845,
        0.06112628259871658,
        0.06112138829693486,
        0.06118245565795962,
        0.06201479818763771,
        0.06294498136447002,
        0.06282515952898454,
        0.06379144406969908,
        0.06312132379081072,
        0.06371981501182185,
        0.06405900479316076,
        0.06430899438700781,
        0.06435052142152779,
        0.06436288018253626,
        0.06469414069960706
      ],
      "ce_loss": [
        2.0301631494522097,
        1.4707249271392822,
        1.2111636713027953,
        1.5023523797988891,
        1.3682380599975585,
        1.2184609741210937,
        1.084828940486908,
        1.0032899730682372,
        0.9359821167945862,
        0.8912357737541199,
        0.8902608600616455,
        0.8494704205513001,
        0.8264788592338562,
        0.8012071145057679,
        0.7949088088989258,
        0.7726632285118104,
        0.770808934879303,
        0.7475025708198547,
        0.7393245398521423,
        0.731992179775238,
        0.7289456669807434
      ],
      "acc": [
        32.46,
        56.879999999999995,
        71.0,
        54.400000000000006,
        60.23,
        65.96,
        71.66,
        74.68,
        77.24,
        79.10000000000001,
        80.02,
        81.66,
        81.44,
        82.58,
        82.75,
        83.77,
        83.36,
        84.28,
        84.5,
        84.72,
        84.84
      ],