{
  "seed": 1,
  "hists": {
    "baseline": {
      "cv_fr": [
        5.888588726719089,
        2.8662830978770955,
        2.234172648386031,
        2.191774492419457,
        2.2092227568076814,
        2.2480965041065915,
        2.2604614793261555,
        2.242210003870634,
        2.2738766070606706,
        2.2822706884419737,
        2.3152223245689343,
        2.304254750979892,
        2.32202576081964,
        2.3382729820852513,
        2.325318044578925,
        2.323822221384296,
        2.30932189543036,
        2.3251899355733343,
        2.3066803825687834,
        2.31391930774718,
        2.3027154578120603
      ],
      "cv_life": [
        3.007459236414412,
        3.029566450725787,
        2.594915466813704,
        2.5366306424855707,
        2.541643939440764,
        2.5600826768856058,
        2.566057240303797,
        2.5610888608688516,
        2.5683993529193323,
        2.5779069998834547,
        2.5877036612324518,
        2.5700588103217488,
        2.580382343215358,
        2.6019695189537644,
        2.5834525332778076,
        2.5884183624599233,
        2.5759293885329497,
        2.596045500949412,
        2.578982851252724,
        2.5872961144936553,
        2.5761430526796296
      ],
      "weight_cv": [
        0.7536361283726163,
        0.7571279174751706,
        0.786114964220259,
        0.7959873411390517,
        0.7970141073067983,
        0.7988715767860413,
        0.8016372422377268,
        0.8043563034799364,
        0.8075484070512984,
        0.8107126123375363,
        0.8145002490944333,
        0.8172539108329349,
        0.8189954956372579,
        0.8217400113741556,
        0.823180807961358,
        0.824378083149592,
        0.8251541952292124,
        0.8255655268828074,
        0.825764493809806,
        0.8258885807461209,
        0.8260963492923312
      ],
      "mean_fr": [
        0.0612509052488186,
        0.08189446495462464,
        0.09516768731291018,
        0.09962719154707357,
        0.10514254576162368,
        0.10886438283262691,
        0.11183998870261902,
        0.11523391030416102,
        0.11468230591941722,
        0.11216396329642772,
        0.11334843226745081,
        0.11184504517986327,
        0.10921265098510148,
        0.10709329415050688,
        0.10850187261488978,
        0.10816390685325142,
        0.1091043556296452,
        0.10621087701816229,
        0.10833172782074207,
        0.10597316561382186,
        0.10895586854652273
      ],
      "ce_loss": [
        2.044472515106201,
        1.4212332365036011,
        1.2105734384536744,
        0.9836916583061218,
        0.8830516817092896,
        0.8227795013427734,
        0.7695462681770324,
        0.7104952023506165,
        0.6857276442527771,
        0.7128305368423462,
        0.6467426127433776,
        0.6426416276931762,
        0.6682175779342652,
        0.6900527173042298,
        0.6397707302093506,
        0.613591006565094,
        0.6054040452003479,
        0.6549693394660949,
        0.5949586510658265,
        0.638127227306366,
        0.5781472780227661
      ],
      "acc": [
        32.24,
        58.809999999999995,
        70.17999999999999,
        79.19,
        81.84,
        83.96000000000001,
        85.27,
        85.38,
        85.81,
        86.06,
        87.11,
        88.09,
        87.9,
        88.27000000000001,
        88.55,
        88.77000000000001,
        89.12,
        89.45,
        89.56,
        89.61,
        89.53999999999999
      ],
      "ice": [
        526.3594816343882,
        718.1192630221382,
        737.4350959574974,
        794.8632378535991,
        778.3717963404409,
        771.2347243701984,
        762.4284780861964,
        740.9276693410992,
        748.2409062988869,
        767.2695382550335,
        768.5151931286359,
        787.6074615756446,
        804.8517379499718,
        824.234537352093,
        816.1148716128197,
        820.6988299104996,
        816.8325757240355,
        842.192382638739,
        826.7198680796213,
        845.5913440449203,
        821.8005415996678
      ],
      "epoch": [
        1,
        10,
        20,
        30,
        40,
        50,
        60,
        70,
        80,
        90,
        100,
        110,
        120,
        130,
        140,
        150,
        160,
        170,
        180,
        190,
        200
      ]
    },
    "weight_pop": {
      "cv_fr": [
        5.540496407390673,
        2.8663248371712604,
        2.234175732658356,
        1.7544847577115361,
        1.8092256384559828,
        1.8842597369112069,
        2.980268515244395,
        3.4886438638110864,
        3.640397421087447,
        4.012560144652532,
        3.3360971751648294,
        4.030110971042904,
        6.192476516640401,
        1.5050704916027051,
        1.499420896361146,
        1.4984716734117385,
        1.4909915834724863,
        1.4951876907011892,
        1.48972629067264,
        1.4832746361510742,
        1.4846347647059528
      ],
      "cv_life": [
        2.9469584556200914,
        3.017406362203818,
        2.605771144575314,
        3.173109665542821,
        4.188917068065921,
        2.297804093615045,
        1.9064325116460599,
        2.097622627818052,
        2.307974363628187,
        1.6481005593508897,
        1.7093043571944875,
        1.6814777139502315,
        1.7725853754789491,
        1.646819466118174,
        1.6441041160471672,
        1.640469436404071,
        1.635291411033239,
        1.6358569750064695,
        1.6339864160599984,
        1.6343717170031684,
        1.6314828699227575
      ],
      "weight_cv": [
        0.8557852572864957,
        0.9602071576648288,
        0.8801032569673326,
        0.8780813548300002,
        0.9707651966147952,
        1.2872494492265913,
        6.915045284562641,
        8.021570278538597,
        8.399997250901329,
        8.992021418280071,
        9.896434062057072,
        9.894380307859844,
        10.08062473932902,
        9.69888871577051,
        10.190170847707325,
        10.21387521094746,
        10.210666401518715,
        10.233708249198067,
        10.238735871182548,
        10.238752981026968,
        10.240916311740875
      ],
      "mean_fr": [
        0.06487068926033221,
        0.08379405605880362,
        0.09658239762001558,
        0.09616791452470419,
        0.06981555053307802,
        0.04886467907724183,
        0.0362378839827791,
        0.04241923260180495,
        0.04161603362619043,
        0.041670998619207936,
        0.04305133306924539,
        0.042834142281324525,
        0.044136847419630754,
        0.04444784088820954,
        0.04539037236247676,
        0.04612940777189965,
        0.04605510597583217,
        0.04605027868460211,
        0.04673988331881148,
        0.046677909855998255,
        0.046762499052393366
      ],
      "ce_loss": [
        2.0394254013061524,
        1.4283016653060914,
        1.1392262524604797,
        1.7077606964111327,
        1.5348488487243652,
        1.3390692951202392,
        1.4959156465530397,
        1.143000385284424,
        1.1103803247451782,
        1.0187688663482666,
        0.9884505344390869,
        0.9940197610855103,
        0.9555600474357605,
        0.9398478024482727,
        0.9362564238548279,
        0.8913103981018067,
        0.8929188182830811,
        0.8685931520462036,
        0.8590851818084717,
        0.8699409458160401,
        0.8625583753585816
      ],
      "acc": [
        31.669999999999998,
        59.230000000000004,
        73.19,
        44.080000000000005,
        54.0,
        62.17,
        55.88999999999999,
        70.45,
        71.26,
        74.36,
        76.16000000000001,
        76.86,
        77.89,
        79.52,
        78.42,
        79.56,
        80.42,
        81.01,
        80.95,
        81.12,
        81.19
      ],