{
  "seed": 5,
  "hists": {
    "baseline": {
      "cv_fr": [
        6.859560000507297,
        2.862325381231975,
        2.242092025192637,
        2.175658234669954,
        2.220738918601792,
        2.226326183745418,
        2.2785280809888513,
        2.293082360979877,
        2.3118861662714103,
        2.295104045378693,
        2.3153587590051763,
        2.3228519476706952,
        2.328402018562942,
        2.346245519801984,
        2.3213844808398054,
        2.346236465693632,
        2.33165055501469,
        2.318492381434533,
        2.3012800150756276,
        2.312917748742863,
        2.314836412013014
      ],
      "cv_life": [
        2.999632366890116,
        2.990962782992592,
        2.6075715241155812,
        2.5229650137028954,
        2.567704612378039,
        2.559569685360656,
        2.591177660095779,
        2.5973327752354143,
        2.595604084556219,
        2.5775932324560062,
        2.6095053098902232,
        2.6007682749781904,
        2.596376771612377,
        2.6172536213663244,
        2.6159954927191587,
        2.6305127120828087,
        2.6167360461608,
        2.6074809470548383,
        2.5956414544050253,
        2.608455672731088,
        2.609486262771307
      ],
      "weight_cv": [
        0.7515690359804366,
        0.7545902993943956,
        0.7861731946468353,
        0.800645520289739,
        0.7986229260762533,
        0.7988502151436276,
        0.8022280832131704,
        0.8050534327824911,
        0.8089432948165469,
        0.8123186031977335,
        0.8155822687678866,
        0.819048156340917,
        0.8216668830977546,
        0.8233139978514777,
        0.8243262403541141,
        0.8252679639392428,
        0.825769778754976,
        0.8261359830697378,
        0.8267927732732561,
        0.8268689347638024,
        0.8269820014635721
      ],
      "mean_fr": [
        0.05837426064095444,
        0.08276353747665208,
        0.0968902852835455,
        0.10450943317673828,
        0.10531662741079083,
        0.10988932643470409,
        0.11004612640012987,
        0.11089432024105957,
        0.11157044588645881,
        0.11399094957974971,
        0.11045108329527065,
        0.11206012268331668,
        0.11191179488675743,
        0.10866812629988795,
        0.10836056867573439,
        0.10519603699902387,
        0.10780452070714314,
        0.1069581830088573,
        0.10889928676262449,
        0.10718393959179472,
        0.1063989935856037
      ],
      "ce_loss": [
        2.0392308631896974,
        1.457247162437439,
        1.1475521511077882,
        0.9540712513923645,
        0.8787853313446045,
        0.814355375289917,
        0.7817740388870239,
        0.7957129338264465,
        0.7692833979606628,
        0.7071236660003662,
        0.729847330570221,
        0.6386987789154053,
        0.6155544420242309,
        0.6592344423294068,
        0.6636642311096191,
        0.6853758933067322,
        0.6049751482009887,
        0.6272384225845337,
        0.5809927330970764,
        0.5938979022979737,
        0.6098267872810363
      ],
      "acc": [
        32.41,
        58.41,
        72.34,
        78.21000000000001,
        81.22,
        83.39,
        84.97,
        84.47,
        85.32,
        85.39,
        85.96000000000001,
        87.47,
        87.39,
        87.89,
        88.4,
        88.6,
        88.97,
        89.0,
        89.38000000000001,
        89.82,
        90.0
      ],
      "ice": [
        555.2103631297736,
        705.745485553017,
        746.6176028084128,
        748.3534274289196,
        771.1981885938768,
        758.8543411539307,
        772.1306969928272,
        761.7161293673089,
        764.7185746630546,
        749.094492359808,
        778.2630070505667,
        780.563059363773,
        780.8827682515637,
        808.7927426808242,
        815.7948312968522,
        842.2369711365877,
        825.2899893576073,
        832.1008189866282,
        820.7582845537371,
        837.9986027952455,
        845.872583079128
      ],
      "epoch": [
        1,
        10,
        20,
        30,
        40,
        50,
        60,
        70,
        80,
        90,
        100,
        110,
        120,
        130,
        140,
        150,
        160,
        170,
        180,
        190,
        200
      ]
    },
    "weight_pop": {
      "cv_fr": [
        7.074476976302527,
        3.080257266462047,
        2.2732567093040372,
        2.5086550784460475,
        2.6816190835001628,
        2.214846596499033,
        2.8841358987908614,
        1.7274383115101306,
        3.067614793777466,
        4.279548331310875,
        4.579107935789186,
        4.053695050022906,
        4.314448657788728,
        5.538442912854646,
        3.80259538919905,
        6.534841838635896,
        6.554023592095626,
        7.531957399201822,
        7.481244688904499,
        7.481244688904499,
        7.481244688904499
      ],
      "cv_life": [
        2.9599409002530264,
        3.0342368669783095,
        2.620939349588119,
        3.239846631179723,
        4.615004234834959,
        2.754150723275306,
        0.9734914679276315,
        0.9752486379523027,
        0.9887759560032895,
        0.993992052580181,
        0.997540925678454,
        0.9924131694592928,
        0.9987327174136513,
        0.9984411942331415,
        0.9947606136924342,
        0.9984620746813322,
        0.9984620746813322,
        0.9980974699321546,
        0.9976862857216283,
        0.9976862857216283,
        0.9976862857216283
      ],
      "weight_cv": [
        0.8428214126163058,
        0.9990405705240037,
        0.8819324142403073,
        1.0093032254113092,
        1.1267564362949796,
        2.4868825955523386,
        5.836338526672787,
        13.54885262913174,
        17.415909422768486,
        18.62253427505493,
        19.355928474002415,
        19.804161495632595,
        20.03512191772461,
        20.175522327423096,
        20.21294291814168,
        20.283340480592514,
        20.319278717041016,
        20.34124819437663,
        20.35897660255432,
        20.367176638709175,
        20.373289903004963
      ],
      "mean_fr": [
        0.061665563306198524,
        0.07819632174252353,
        0.09486601184519987,
        0.08140992531571527,
        0.04271658166974962,
        0.07933167374626465,
        0.008002030222039474,
        0.008999473170230263,
        0.004799692254317434,
        0.003170214201274671,
        0.0013899552194695723,
        0.002819663599917763,
        0.0009406240362870065,
        0.0012413827996504935,
        0.00399880660207648,
        0.001160270289370888,
        0.0010574742367393092,
        0.0010972273977179277,
        0.0012000234503495065,
        0.0012000234503495065,
        0.0012000234503495065
      ],
      "ce_loss": [
        2.034498686981201,
        1.4341181232452394,
        1.1517416367530822,
        2.287055885696411,
        2.30217826461792,
        2.3026059230804443,
        2.302585474395752,
        2.3025855197906493,
        2.3025854484558104,
        2.3025852077484132,
        2.3025854846954346,
        2.302585227584839,
        2.302585432815552,
        2.3025853763580324,
        2.3025854553222658,
        2.302585262298584,
        2.3025850009918214,
        2.302585189819336,
        2.302585110473633,
        2.302585111618042,
        2.3025851734161376
      ],
      "acc": [
        31.819999999999997,
        59.27,
        72.13000000000001,
        11.559999999999999,
        10.040000000000001,
        10.0,
        10.0,
        10.0,
        10.0,
        10.0,
        10.0,
        10.0,
        10.0,
        10.0,
        10.0,
        10.0,
        10.0,
        10.0,
        10.0,
        10.0,
        10.0
      ],