{
  "seed": 2,
  "hists": {
    "baseline": {
      "cv_fr": [
        5.940170850934862,
        2.9735168214641674,
        2.2530463962535867,
        2.220508829265495,
        2.2605391561309944,
        2.292669442873808,
        2.3011854258797153,
        2.3233191988056774,
        2.3298854263999473,
        2.353039875894606,
        2.3364154160777226,
        2.3367703386658754,
        2.3343508702607894,
        2.346991842544373,
        2.3439932866623847,
        2.350723973438789,
        2.3352151978103266,
        2.343976198713594,
        2.320348786402352,
        2.328335854905514,
        2.3234285574448577
      ],
      "cv_life": [
        2.942285271742438,
        3.073496982465181,
        2.6224201477661997,
        2.5526628900892647,
        2.580593691914182,
        2.618063143537014,
        2.611249921919107,
        2.631033071035707,
        2.6008420596513484,
        2.6358568830382096,
        2.5893296998473185,
        2.5979484406254594,
        2.6147249696415162,
        2.6078601555773453,
        2.6121572077790547,
        2.625168771723125,
        2.6209491708928314,
        2.616118422315408,
        2.604720779770934,
        2.6059535948694905,
        2.6010294411676393
      ],
      "weight_cv": [
        0.7523730397224426,
        0.7552490962876214,
        0.7858331004778544,
        0.7991165584988065,
        0.8009356955687205,
        0.801151411400901,
        0.8022653924094306,
        0.8042711582448747,
        0.8057213889227973,
        0.8082093331548903,
        0.8104667498005761,
        0.8119366069634756,
        0.8151449461778005,
        0.8174257377783457,
        0.8182299700048234,
        0.8195046981175741,
        0.8201468189557394,
        0.8205160399278005,
        0.8206256330013275,
        0.8209571076764001,
        0.8210298750135634
      ],
      "mean_fr": [
        0.061896974467818215,
        0.07809018824673905,
        0.09550586577100328,
        0.09977020689600871,
        0.09786186833368946,
        0.10165740311304622,
        0.1055183078272195,
        0.10727649009839287,
        0.11163342611580034,
        0.10747619961040326,
        0.11133582174261757,
        0.10874605377382793,
        0.10607530361290855,
        0.10670763844851253,
        0.10726114532734694,
        0.10383283851704225,
        0.10515525415887203,
        0.10480450827387633,
        0.10625347481180555,
        0.10549027450397601,
        0.10671173591045123
      ],
      "ce_loss": [
        2.0394679580688475,
        1.4644973356246949,
        1.091242718219757,
        0.9716165441513062,
        0.9897406241416932,
        0.87636665391922,
        0.8242494952201843,
        0.8484690779685974,
        0.7252888617515564,
        0.7897343968391418,
        0.6599746299743652,
        0.7014877958297729,
        0.7192119347572327,
        0.6791944336891175,
        0.6297502470970153,
        0.7111768401145935,
        0.6714665700912475,
        0.6454332591056824,
        0.6208674633979797,
        0.6168930047988892,
        0.6018946511268616
      ],
      "acc": [
        32.25,
        57.36,
        75.16000000000001,
        78.81,
        80.47999999999999,
        83.50999999999999,
        84.0,
        84.64,
        86.42,
        86.26,
        87.2,
        87.51,
        87.33999999999999,
        87.83,
        88.83,
        88.66000000000001,
        88.75,
        89.13,
        89.7,
        89.67,
        89.61
      ],
      "ice": [
        521.026997959288,
        734.5352078472317,
        786.9672875437835,
        789.9150914159512,
        822.3835611000565,
        821.4846064116767,
        796.0703101573836,
        788.9892000798786,
        774.1408220235579,
        802.5962239707641,
        783.2159569399547,
        804.7187821161502,
        823.3772498540262,
        823.0900153551676,
        828.165608778896,
        853.8723656940617,
        843.9900818081118,
        850.4404339427857,
        844.2076056034791,
        850.0308859876122,
        839.7388613170812
      ],
      "epoch": [
        1,
        10,
        20,
        30,
        40,
        50,
        60,
        70,
        80,
        90,
        100,
        110,
        120,
        130,
        140,
        150,
        160,
        170,
        180,
        190,
        200
      ]
    },
    "weight_pop": {
      "cv_fr": [
        6.187004699856341,
        3.0042626963386057,
        2.276546538868878,
        2.237299388126879,
        3.747071109637668,
        2.3139523684303414,
        6.691382909202321,
        2.0727951216109988,
        3.58528084440441,
        4.971985063419432,
        8.485863936574836,
        17.451604341205798,
        1.866267254478053,
        2.811095400860435,
        1.866267254478053,
        1.866267254478053,
        1.866267254478053,
        1.866267254478053,
        1.866267254478053,
        1.866267254478053,
        1.866267254478053
      ],
      "cv_life": [
        2.994028219376144,
        3.054961405381769,
        2.6523121716100952,
        3.5277628823965883,
        4.248330303941227,
        5.420445517450074,
        1.2341944603106723,
        1.078234990384879,
        0.9977730198910362,
        0.9974806936163652,
        0.9989326878597862,
        0.9989391126130757,
        0.9985608552631579,
        0.985931396484375,
        0.9985608552631579,
        0.9985608552631579,
        0.9985608552631579,
        0.9985608552631579,
        0.9985608552631579,
        0.9985608552631579,
        0.9985608552631579
      ],
      "weight_cv": [
        0.8596882522106171,
        0.9724561538961198,
        0.8718473215897878,
        1.1313946776919894,
        1.840643995338016,
        4.100502285692427,
        9.999680856863657,
        16.07499611377716,
        19.140281253390842,
        19.843480004204643,
        20.11399115456475,
        20.260889954037136,
        20.256989823447334,
        20.278026845720078,
        20.346322695414226,
        20.370053662194145,
        20.38673448562622,
        20.399326033062405,
        20.404720783233643,
        20.408483293321396,
        20.41014379925198
      ],
      "mean_fr": [
        0.057018845955742595,
        0.08064320255604528,
        0.09502960070421661,
        0.07905253823561163,
        0.04763013964331523,
        0.027808193273738097,
        0.020905765343077733,
        0.002621169043810347,
        0.0014658476177014802,
        0.001198417262027138,
        0.0008420442280016447,
        0.0008388318513569079,
        0.0011307565789473685,
        0.012920580412212172,
        0.0011307565789473685,
        0.0011307565789473685,
        0.0011307565789473685,
        0.0011307565789473685,
        0.0011307565789473685,
        0.0011307565789473685,
        0.0011307565789473685
      ],
      "ce_loss": [
        2.051551581573486,
        1.4297959383010865,
        1.1092666336059571,
        2.265710975265503,
        2.3025703479766846,
        2.3025874660491943,
        2.3025887062072754,
        2.3025865322113037,
        2.30258592376709,
        2.302585385513306,
        2.3025852703094483,
        2.30258536567688,
        2.3025853313446043,
        2.302585287475586,
        2.302585201263428,
        2.30258521194458,
        2.3025850215911867,
        2.302585121154785,
        2.3025849411010744,
        2.302585104370117,
        2.302584981918335
      ],
      "acc": [
        31.65,
        59.14,
        73.02,
        12.61,
        10.040000000000001,
        10.0,
        10.0,
        10.0,
        10.0,
        10.0,
        10.0,
        10.0,
        10.0,
        10.0,
        10.0,
        10.0,
        10.0,
        10.0,
        10.0,
        10.0,
        10.0
      ],