{
  "hist_base": {
    "cv_fr": [
      2.8828755798547165,
      2.8918629819932193,
      2.889281454941501,
      2.895324105153913,
      2.890992147119149,
      2.8931564766427744,
      2.885357746611471,
      2.8878148684035176,
      2.8875282983417097,
      2.891425322579301,
      2.8842399107373278,
      2.8925413431032845,
      2.891798969844113,
      2.888627213628396,
      2.8837257079456164,
      2.8855202988437982
    ],
    "mean_fr": [
      0.10518095499592954,
      0.09956762772407787,
      0.09920342167606577,
      0.09898317802656928,
      0.09948609631417481,
      0.099699994835132,
      0.09991350699641297,
      0.09988887213757666,
      0.10013935397095654,
      0.10010995308149849,
      0.10054399694174367,
      0.10022270513961659,
      0.10009814118055384,
      0.10060644700222285,
      0.10084379729612367,
      0.10085115029284245
    ],
    "ce_loss": [
      0.48878002071380616,
      0.3863830089569092,
      0.3653699407577515,
      0.35588395977020265,
      0.34572463130950926,
      0.3299292335510254,
      0.32321830677986146,
      0.34119497299194335,
      0.32102297496795656,
      0.32547754907608034,
      0.3302736361026764,
      0.3165219700336456,
      0.3283014767169952,
      0.3044149913787842,
      0.33358305621147155,
      0.3227989082336426
    ],
    "acc": [
      90.8,
      89.8,
      89.8,
      90.4,
      90.0,
      90.4,
      89.8,
      88.8,
      90.0,
      90.0,
      90.0,
      91.2,
      89.0,
      91.2,
      89.60000000000001,
      90.4
    ]
  },
  "hist_cvm": {
    "cv_fr": [
      2.8828755798547165,
      2.890283509441044,
      2.8929476277983706,
      2.8918696233759755,
      2.893817462351011,
      2.894677944805311,
      2.892581462212231,
      2.8930733501911163,
      2.8886887994797332,
      2.8904459087745002,
      2.889943345733311,
      2.886769424961961,
      2.8894539514313573,
      2.88747972768286,
      2.8889583731475086,
      2.883975155327631
    ],
    "mean_fr": [
      0.10518095499592954,
      0.09981910576132814,
      0.09892544404947726,
      0.09921645662878924,
      0.09920799318680783,
      0.09958433922451071,
      0.09970011046085425,
      0.09998021201665877,
      0.10024677794021757,
      0.10027974617475158,
      0.10029675872267588,
      0.1007545888626381,
      0.10063995491288116,
      0.10064448690821376,
      0.10078800721195243,
      0.10111073854774155
    ],
    "ce_loss": [
      0.48878002071380616,
      0.40933527731895447,
      0.37708388185501096,
      0.3487457823753357,
      0.35389632439613344,
      0.33182272601127627,
      0.3271247596740723,
      0.3149847157001495,
      0.31696841764450073,
      0.3336211152076721,
      0.3145081217288971,
      0.32049714398384094,
      0.3345781047344208,
      0.3050433740615845,
      0.3037737128734589,
      0.29492031621932985
    ],
    "acc": [
      90.8,
      89.8,
      89.60000000000001,
      89.60000000000001,
      89.60000000000001,
      90.4,
      90.60000000000001,
      91.0,
      90.8,
      88.8,
      91.2,
      89.8,
      90.4,
      90.0,
      90.4,
      89.8
    ]
  },
  "final_base_layer": {
    "MS_SPS_lif": 2.096199542284012,
    "MS_SPS_lif1": 1.903393030166626,
    "MS_SPS_lif2": 3.469167023897171,
    "MS_SPS_lif3": 1.5401726067066193,
    "MS_SSA_Conv0_first_lif": 1.3271743655204773,
    "MS_SSA_Conv0_q_lif": 2.181205630302429,
    "MS_SSA_Conv0_k_lif": 3.175655275583267,
    "MS_SSA_Conv0_v_lif": 3.1111723482608795,
    "MS_SSA_Conv0_kv_before": 7.571546137332916,
    "MS_SSA_Conv0_kv": 1.3676906079053879,
    "MS_SSA_Conv0_x_after_qkv": 4.451770603656769,
    "MS_MLP_Conv0_fc1_lif": 1.294240266084671,
    "MS_MLP_Conv0_fc2_lif": 4.168198823928833,
    "MS_SSA_Conv1_first_lif": 1.1815770715475082,
    "MS_SSA_Conv1_q_lif": 2.2929639518260956,
    "MS_SSA_Conv1_k_lif": 3.0283933579921722,
    "MS_SSA_Conv1_v_lif": 2.9763891100883484,
    "MS_SSA_Conv1_kv_before": 7.530057728290558,
    "MS_SSA_Conv1_kv": 1.5305905491113663,
    "MS_SSA_Conv1_x_after_qkv": 4.684895217418671,
    "MS_MLP_Conv1_fc1_lif": 1.1088961958885193,
    "MS_MLP_Conv1_fc2_lif": 3.0675582587718964,
    "head_lif": 1.3080591708421707
  },
  "final_cvm_layer": {
    "MS_SPS_lif": 2.1058807373046875,
    "MS_SPS_lif1": 1.9032346308231354,
    "MS_SPS_lif2": 3.469917953014374,
    "MS_SPS_lif3": 1.5401120781898499,
    "MS_SSA_Conv0_first_lif": 1.3274700194597244,
    "MS_SSA_Conv0_q_lif": 2.185447543859482,
    "MS_SSA_Conv0_k_lif": 3.174154907464981,
    "MS_SSA_Conv0_v_lif": 3.1138888895511627,
    "MS_SSA_Conv0_kv_before": 7.572982013225555,
    "MS_SSA_Conv0_kv": 1.3656867295503616,
    "MS_SSA_Conv0_x_after_qkv": 4.46023565530777,
    "MS_MLP_Conv0_fc1_lif": 1.294122040271759,
    "MS_MLP_Conv0_fc2_lif": 4.16413152217865,
    "MS_SSA_Conv1_first_lif": 1.1809459775686264,
    "MS_SSA_Conv1_q_lif": 2.290706157684326,
    "MS_SSA_Conv1_k_lif": 3.0210110545158386,
    "MS_SSA_Conv1_v_lif": 2.9702233970165253,
    "MS_SSA_Conv1_kv_before": 7.495370984077454,
    "MS_SSA_Conv1_kv": 1.5259655267000198,
    "MS_SSA_Conv1_x_after_qkv": 4.6873732805252075,
    "MS_MLP_Conv1_fc1_lif": 1.1103199571371078,
    "MS_MLP_Conv1_fc2_lif": 3.059333384037018,
    "head_lif": 1.3129141330718994
  },
  "final_base_fr": {
    "MS_SPS_lif": 0.13898684084415436,
    "MS_SPS_lif1": 0.11409629043191671,
    "MS_SPS_lif2": 0.03277340717613697,
    "MS_SPS_lif3": 0.1451472006738186,
    "MS_SSA_Conv0_first_lif": 0.20024367421865463,
    "MS_SSA_Conv0_q_lif": 0.07408159133046865,
    "MS_SSA_Conv0_k_lif": 0.034445459954440594,
    "MS_SSA_Conv0_v_lif": 0.03551839664578438,
    "MS_SSA_Conv0_kv_before": 0.005957708926871419,
    "MS_SSA_Conv0_kv": 0.18855050951242447,
    "MS_SSA_Conv0_x_after_qkv": 0.017235173610970378,
    "MS_MLP_Conv0_fc1_lif": 0.20246836356818676,
    "MS_MLP_Conv0_fc2_lif": 0.018189532915130258,
    "MS_SSA_Conv1_first_lif": 0.22960391826927662,
    "MS_SSA_Conv1_q_lif": 0.06288138777017593,
    "MS_SSA_Conv1_k_lif": 0.03753609163686633,
    "MS_SSA_Conv1_v_lif": 0.03768099285662174,
    "MS_SSA_Conv1_kv_before": 0.006357055448461324,
    "MS_SSA_Conv1_kv": 0.17743506841361523,
    "MS_SSA_Conv1_x_after_qkv": 0.016009156592190266,
    "MS_MLP_Conv1_fc1_lif": 0.2586173675954342,
    "MS_MLP_Conv1_fc2_lif": 0.034535722341388464,
    "head_lif": 0.251225546002388
  },
  "final_cvm_fr": {
    "MS_SPS_lif": 0.1386964563280344,
    "MS_SPS_lif1": 0.11450991872698069,
    "MS_SPS_lif2": 0.032915014773607254,
    "MS_SPS_lif3": 0.14545244351029396,
    "MS_SSA_Conv0_first_lif": 0.20067532174289227,
    "MS_SSA_Conv0_q_lif": 0.07385709043592215,
    "MS_SSA_Conv0_k_lif": 0.03456550603732467,
    "MS_SSA_Conv0_v_lif": 0.03554820781573653,
    "MS_SSA_Conv0_kv_before": 0.005988620803691447,
    "MS_SSA_Conv0_kv": 0.18944725766777992,
    "MS_SSA_Conv0_x_after_qkv": 0.017202093033120036,
    "MS_MLP_Conv0_fc1_lif": 0.20301187224686146,
    "MS_MLP_Conv0_fc2_lif": 0.018248196458444,
    "MS_SSA_Conv1_first_lif": 0.2301118951290846,
    "MS_SSA_Conv1_q_lif": 0.06307620741426945,
    "MS_SSA_Conv1_k_lif": 0.037812627386301756,
    "MS_SSA_Conv1_v_lif": 0.037916930858045816,
    "MS_SSA_Conv1_kv_before": 0.006429954257328063,
    "MS_SSA_Conv1_kv": 0.1784750148653984,
    "MS_SSA_Conv1_x_after_qkv": 0.01606111810542643,
    "MS_MLP_Conv1_fc1_lif": 0.2591091990470886,
    "MS_MLP_Conv1_fc2_lif": 0.03492409735918045,
    "head_lif": 0.25151194259524345
  }
}